Nama Produk;Cavity;CT; Harga Bahan ; Box ;Berat Satuan;Berat Runner;Filter;;;;
CM196 Two Way Cake Miyami Cover Injection Blue WIP OK;4;35; AS ; 450 ;20.44;13.07;CM196 ;;;;
CM196 Two Way Cake White List Silver Cover Stamping 1 WIP OK;4;35; - ; 450 ;20.44;13.07;CM196 ;;;;
PT208 50 gr White Full Assy Assembling Finished Good OK;4;35; PP ; 450 ;44.81;13.07;PT208 ;;;;
PT214 Cover EOS Injection Pistachio WIP OK;4;32; PP ; 240 ;17.34;0;PT214 ;;;;
PT214 Cover EOS Assembling Pistachio Finished Good OK;4;32; PP ; 240 ;17.34;0;PT214 ;;;;
CM196 Two Way Cake Miyami Base Injection Blue WIP OK;4;35; AS ; 345 ;19.59;15;CM196 ;;;;
 CM196 Two Way Cake Miyami Base Sub Assy Sonic WIP OK ;4;35; AS ; 345 ;40.03;15;CM196 ;;;;
CM196 Two Way Cake Miyami Insert Base Injection Blue WIP OK;8;30; AS ; 1,260 ;6.17;14.28;CM196 ;;;;
LP002 Fanbo Acne Solution White Cover Printing 1 Grey WIP OK;4;38; AS ; - ;10.14;29.7;LP002 ;;;;
LP002 Fanbo Acne Solution White Cover Printing 2 Green Finished Good OK;4;38; AS ; - ;10.14;29.7;LP002 ;;;;
PT211 50 gr Wardah Crystallure Revitalizing Rich Cream Base Sub Assy Assembling Finished Good OK;;; PP ;;20.44;;PT211 ;;;;
PT211 50 gr Wardah Crystallure Revitalizing Rich Cream Base Stamping 1 Logo Gold WIP OK;;; PP ;;63.5;;PT211 ;;;;
PT211 50 gr Wardah Crystallure Revitalizing Rich Cream Base Printing 1 Grey WIP OK;;; PP ;;63.5;;;;;;
PT211 50 gr Crystallure AOC Base Assembling Finished Good OK;;;;;75.25;;PT211 ;;;;
PT211 50 gr Crystallure AOC Base Stamping 1 Gold WIP OK;4;105; PP ; 100 ;63.5;-;PT211 ;;;;
PT211 50 gr Crystallure AOC Base Printing 1 Grey WIP OK;4;105; PP ; 100 ;63.5;-;PT211 ;;;;
PT211 50 gr Wardah Crystallure Insert Base Injection White Pearl WIP OK;8;35; PP ; 640 ;7.31;34.36;PT211 ;;;;
PT211 50 gr Wardah Crystallure Inner Lid Injection White Pearl WIP OK;8;30; PP ; 1,760 ;2.4;14.94;PT211 ;;;;
PT211 50 gr Wardah Crystallure Cover Sub Assy Assembling Gold Metalize Finished Good OK;8;30; PP ; 468 ;7.65;7.82;PT211 ;;;;
PT211 50 gr Wardah Crystallure Base Injection Clear WIP OK;4;105; PP ; 100 ;63.5;-;PT211 ;;;;
CM196 Two Way Cake Miyami Sub Assy Pinning WIP OK;;; AS ;;40.03;;CM196 ;;;;
CM196 Two Way Cake Miyami Push Button Injection Blue WIP OK;8;28; AS ; 2,700 ;0.36;4.81;CM196 ;;;;
CM196 Two Way Cake La Kesse Sub Assy Pinning WIP OK;8;30; AS ; 1,260 ;46.2;14.28;CM196 ;;;;
CM196 Two Way Cake La Kesse Cover Injection WIP OK;4;35; AS ; 450 ;20.44;13.07;CM196 ;;;;
CM196 Two Way Cake La Kesse Cover Stamping 1 Logo Silver WIP OK;4;35; AS ; 450 ;20.44;13.07;CM196 ;;;;
CM196 Two Way Cake La Kesse Cover Stamping 2 List Silver WIP OK;4;35; AS ; 450 ;20.44;13.07;CM196 ;;;;
CM196 TWC LD1ONER Cover Stamping 1 list Gold WIP OK;4;35; AS ; 450 ;20.44;13.07;CM196 ;;;;
CM196 Two Way Cake La Kesse Base Injection WIP OK;4;35; AS ; 345 ;19.59;15;CM196 ;;;;
CM196 Two Way Cake La Kesse Full Assy Assembling Finished Good OK;4;35; AS ; 345 ;46.56;15;CM196 ;;;;
SC002 6 Gr Milk Makeup Dark Grey Base Injection Finished Good OK;16;38; AS ; - ;1.63;;SC002 ;;;;
CM196 TWC Black Insert Base Injection WIP OK;8;30; AS ; 1,260 ;6.17;14.28;CM196 ;;;;
CM196 TWC Black Push Button Injection WIP OK;8;28; AS ; 2,700 ;0.36;4.81;CM196 ;;;;
CM196 Two Way Cake La Kesse Insert Base Injection WIP OK;8;30; AS ; 1,260 ;6.17;14.28;CM196 ;;;;
CM196 Two Way Cake La Kesse Push Button Injection WIP OK;8;28; AS ; 2,700 ;0.36;4.81;CM196 ;;;;
CM196 Two Way Cake White List Silver Sub Assy Pinning WIP OK;8;28; - ; 2,700 ;40.03;4.81;CM196 ;;;;
 CM196 Two Way Cake Miyami Cover Stamping 1 Logo Gold WIP OK ;4;35; AS ; 450 ;20.44;13.07;CM196 ;;;;
PT202 Base White Pearl Base Injection Finished Good OK;4;45; 336 ; 288 ;23.93;15.81;PT202 ;;;;
PT202 Inner Lid Injection Finished Good OK;4;20; 3,000 ; 600 ;1.75;4.74;PT202 ;;;;
PT202 Wardah Moist Plus Green Pearl Cover Injection WIP OK;4;30; 952 ; 833 ;5.71;20.05;PT202 ;;;;
PT202 Wardah Moist Plus Green Pearl Cover Stamping 1 Logo Silver WIP OK;4;30; 952 ; 833 ;5.71;20.05;PT202 ;;;;
 CM196 Two Way Cake Miyami Cover Stamping 2 List Gold WIP OK ;4;35; AS ; 450 ;20.44;13.07;CM196 ;;;;
CM196 Two Way Cake White Cover Injection WIP OK;4;35; AS ; 450 ;20.44;13.07;CM196 ;;;;
CM196 Two Way Cake White Base Injection WIP OK;4;35; AS ; 345 ;19.59;15;CM196 ;;;;
CM196 TWC Black Cover Injection WIP OK;4;35; AS ; 450 ;20.44;13.07;CM196 ;;;;
CM196 TWC Black Base Injection WIP OK;4;35; AS ; 345 ;19.59;15;CM196 ;;;;
CM196 Two Way Cake White Insert Base Injection WIP OK;8;30; AS ; 1,260 ;6.17;14.28;CM196 ;;;;
CM196 Two Way Cake White Push Button Injection WIP OK;8;28; AS ; 2,700 ;0.36;4.81;CM196 ;;;;
 CM196 Two Way Cake Miyami Full Assy Assembling Finished Good OK ;;; AS ;;40.03;;CM196 ;;;;
CM196 Two Way Cake La Kesse Base Sub Assy Sonic WIP OK;;; AS ;;40.03;;CM196 ;;;;
SC002 6 Gr Milk Makeup Dark Grey Body Sub Assy Assembling Finished Good OK;16;32; AS ; 1,350 ;6.59;;SC002 ;;;;
 CM205 TWC SR12 Skincare Black Full Assy Assembling Finished Good OK ;4;; AS ;;37.36;;CM205 ;;;;
CM196 Two Way Cake White Base Sub Assy Sonic WIP OK;8;28; - ; 2,700 ;40.03;4.81;CM196 ;;;;
SC002 6 Gr Milk Makeup White Body Sub Assy Assembling Finished Good OK;;; AS ;;10.68;;SC002 ;;;;
CM196 Two Way Cake First Lady Cover Injection Pink WIP OK;4;35; AS ; 450 ;20.44;13.07;CM196 ;;;;
CM196 Two Way Cake First Lady Base Injection Pink WIP OK;4;35; AS ; 345 ;19.59;15;CM196 ;;;;
CM196 Two Way Cake First Lady Insert Base Injection Pink WIP OK;8;30; AS ; 1,260 ;6.17;14.28;CM196 ;;;;
CM196 Two Way Cake First Lady Push Button Injection Pink WIP OK;8;28; AS ; 2,700 ;0.36;4.81;CM196 ;;;;
SC002 6 Gr Milk Makeup White Body Printing 1 Grey WIP OK;16;32; AS ; 1,350 ;6.59;;SC002 ;;;;
CM205 TWC Avione White Full Assy Assembling Finished Good OK;;; AS ;;37.36;;CM205 ;;;;
CM205 Two Way Cake Mineral Botanica Cover Printing 1 Rose Gold WIP OK;4;0; AS ; 468 ;10.63;9.76;CM205 ;;;;
CM205 Two Way Cake Mineral Botanica Base Stamping 1 Rose Gold WIP OK;4;0; AS ; 468 ;10.63;9.76;CM205 ;;;;
CM205 Two Way Cake Mineral Botanica Cover Injection WIP OK;4;0; AS ; 468 ;10.63;9.76;CM205 ;;;;
CM205 Two Way Cake Mineral Botanica Base Injection WIP OK;4;35; AS ; 200 ;20.73;8.5;CM205 ;;;;
CM205 TWC SR12 Skincare Black Base Stamping 1 Rose Gold WIP OK;4;35; AS ; 200 ;20.73;8.5;CM205 ;;;;
CM205 Two Way Cake White List Silver Base Stamping 1 WIP OK;4;35; AS ; 200 ;20.73;8.5;CM205 ;;;;
CM196 Two Way Cake Stock Item Black Push Button Injection WIP ok;8;28; AS ; 2,700 ;0.36;4.81;CM196 ;;;;
CM198 Two Way Cake Dolby Cover Stamping 1 Logo Gold WIP ok;4;35; - ; 450 ;20.44;13.07;CM198 ;;;;
CM198 Two Way Cake Dolby Cover Stamping 2 Logo Red WIP ok;4;35; - ; 450 ;20.44;13.07;CM198 ;;;;
CM205 Two Way Cake Mineral Botanica Sub Assy Pinning WIP OK;4;25; AS ; 1,000 ;31.43;3.43;CM205 ;;;;
SC002 6 Gr Milk Makeup White Base Injection Finished Good OK;16;38; AS ; - ;1.63;;SC002 ;;;;
CM205 TWC Black Cover Injection WIP OK;4;35; AS ; 468 ;10.63;9.76;CM205 ;;;;
CM205 TWC Black Base Injection WIP OK;4;35; AS ; 200 ;20.73;8.5;CM205 ;;;;
CM205 TWC SR12 Skincare Black Sub Assy Pinning WIP OK;4;25; AS ; 1,000 ;37.36;3.43;CM205 ;;;;
PT211 50 gr Wardah Crystallure Advanced Hydra Gel Base Stamping 1 Logo Gold WIP OK;;; PP ;;63.5;;PT211 ;;;;
PT207 -01 Burgundy Base Injection WIP OK;4;35; PP ; - ;22.07;12.78;PT207 ;;;;
PT207 -01 Burgundy Insert Base Injection WIP OK;8;25; PP ; - ;2.51;24.15;PT207 ;;;;
SP001 36.5 mm Burgundy Spatula Injection WIP OK;16;25; PP ; 2,777 ;0.34;3.62;SP001 ;;;;
PT207 -01 Burgundy Base Assembling Finished Good OK;;;;;24.58;;PT207 ;;;;
PT207 Burgundy Cover Assembling Finished Good OK;;;;;9.38;;PT207 ;;;;
PT207 Burgundy Cover Sub Assy Assembling WIP OK;;;;;9.38;;PT207 ;;;;
PT207 Burgundy Cover Injection WIP OK;4;35; PP ; 833 ;7.25;22.97;PT207 ;;;;
PT207 Burgundy Inner Lid Injection WIP OK;4;25; PP ; - ;1.79;6.22;PT207 ;;;;
PT207 12.5 gr Jankos Green Cover Injection WIP OK;4;35; PP ; 833 ;7.25;22.97;PT207 ;;;;
PT207 -01 Oh My Skin Cover Injection Pink WIP OK;4;35; PP ; 833 ;7.25;22.97;PT207 ;;;;
PT207 -03 Gentle Hour Light Peach Base Injection WIP OK;4;45; PP ; 294 ;25.46;16.49;PT207 ;;;;
PT207 Gentle Hour Light Peach Cover Injection WIP OK;4;35; PP ; 833 ;7.25;22.97;PT207 ;;;;
PT207 12.5 gr Jar Beby Purple Cover Injection WIP OK;4;35; PP ; 833 ;7.25;22.97;PT207 ;;;;
PT207 12.5 gr White Full Assy Assembling Finished Good OK;8;25; PP ; 1,620 ;35.22;24.15;PT207 ;;;;
PT211 50 gr Wardah Crystallure Advanced Hydra Gel Base Printing 1 Grey WIP OK;;; PP ;;63.5;;PT211 ;;;;
CM196 Two Way Cake Stock Item Black Cover Injection WIP ok;4;35; AS ; 450 ;20.44;13.07;CM196 ;;;;
CM198 Two Way Cake Stock Item Black Base Injection WIP ok;4;35; AS ; 345 ;19.59;15;CM198 ;;;;
CM221 Pressed Powder Pixy Perfect Fit Base Injection White WIP ok;8;36; AS ; 315 ;13.32;62;CM221 ;;;;
PT207 12.5 gr Nose Pink All Parts Assembling Finished Good OK;;; PP ;;90.64;;PT207 ;;;;
CM205 TWC Crante Sub Assy Pinning Green WIP OK;4;25; AS ; 1,000 ;37.36;3.43;CM205 ;;;;
CM205 Two Way Cake Mineral Botanica Full Assy Assembling Finished Good OK;4;; AS ;;37.36;;CM205 ;;;;
PT202 Wardah Moist Plus Green Pearl Cover Assembling Finished Good OK;4;30; 952 ; 833 ;5.71;20.05;PT202 ;;;;
CM205 Two Way Cake Mineral Botanica Platform Injection WIP OK;4;25; AS ; 900 ;6;3.43;CM205 ;;;;
CM205 TWC Avione White Cover Stamping 1 Logo Silver WIP OK;4;35; AS ; 1,000 ;10.63;9.76;CM205 ;;;;
PT208 -01 Rose Gold Matte Clear Full Assy Assembling Finished Good OK;4;35; - ; 375 ;47.05;8.5;PT208 ;;;;
PT208 -01 Pigeon Teens Blue Base Assembling Finished Good OK;4;45; PP ; - ;33.19;26.49;PT208 ;;;;
PT207 12.5 gr Nose Purple All Parts Assembling Finished Good OK;;; PP ;;55.94;;PT207 ;;;;
CM205 TWC SR12 Skincare Black Cover Stamping 1 Rose Gold WIP OK;4;35; AS ; 1,000 ;10.63;9.76;CM205 ;;;;
PT204 10 gr White Cover Stamping 1 List Gold WIP OK;8;30; PP ; 672 ;7.41;9.16;PT204 ;;;;
PT207 12.5 gr Nose Purple Full Assy Assembling Finished Good OK;;; PP ;;35.22;;PT207 ;;;;
CM205 TWC Crante Cover Injection Green WIP OK;4;35; AS ; 1,000 ;10.63;9.76;CM205 ;;;;
CM205 TWC Crante Base Injection Green WIP OK;4;35; AS ; 375 ;20.73;8.5;CM205 ;;;;
CM205 TWC Crante Platform Injection Green WIP OK;4;25; AS ; 900 ;6;3.43;CM205 ;;;;
CM205 TWC Crante Cover Stamping 1 Silver WIP OK;4;35; AS ; 1,000 ;10.63;9.76;CM205 ;;;;
CM205 TWC Crante Base Stamping 1 Silver WIP OK;4;35; AS ; 375 ;20.73;8.5;CM205 ;;;;
CM205 Two Way Cake White Cover Injection WIP OK;4;35; AS ; 1,000 ;10.63;9.76;CM205 ;;;;
CM205 Two Way Cake White Base Injection WIP OK;4;35; AS ; 375 ;20.73;8.5;CM205 ;;;;
CM205 Two Way Cake White Platform Injection WIP OK;4;25; AS ; 900 ;6;3.43;CM205 ;;;;
CM205 Two Way Cake Stock Item White List Silver All Parts Assembling Finished Good OK;4;; AS ;;37.36;;CM205 ;;;;
PT206 30 Gr Adore Renew You Day Cream Base Printing 1 Black WIP OK;4;105; AS ; 100 ;63.5;-;PT206 ;;;;
CM205 TWC Crante Full Assy Assembling Green Finished Good OK;4;; AS ;;37.36;;CM205 ;;;;
CM205 TWC Avione White Sub Assy Pinning WIP OK;;; AS ;;37.36;;CM205 ;;;;
PT211 50 gr Wardah Crystallure Activating Overnight Cream Base Sub Assy Assembling Finished Good OK;;; PP ;;63.5;;PT211 ;;;;
SC002 6 Gr Milk Makeup Grey Body Assy With Printed Inner Cap Assembling Finished Good OK;16;30; AS ; - ;10.68;9.86;SC002 ;;;;
PT207 18 gr QL Night Cream Base Flamming Blue WIP OK;4;35; PP ; - ;22.07;12.78;PT207 ;;;;
CM198 Two Way Cake Dolby Sub Assy Pinning WIP OK;8;28; - ; 2,700 ;40.03;4.81;CM198 ;;;;
PT211 50 gr Wardah Crystallure Activating Overnight Cream Base Stamping 1 Logo Gold WIP OK;;; PP ;;63.5;;PT211 ;;;;
CM210 Two Way Cake Pixy Cover Injection White WIP OK;4;35; AS ; 450 ;15.26;10.17;CM210 ;;;;
PT207 -02 QL Whitening Day Cream Blue Full Assy Assembling Finished Good OK;4;45; PP ; 294 ;25.46;16.49;PT207 ;;;;
CM210 Two Way Cake Pixy Base Injection White WIP OK;4;35; AS ; 345 ;22.7;13.77;CM210 ;;;;
PT207 Mommy Soft Cute Orange Cover Injection WIP ok;4;35; PP ; 833 ;7.25;22.97;PT207 ;;;;
CM210 Two Way Cake Pixy Push Button Injection White WIP OK;8;28; AS ; 2,700 ;0.37;4.63;CM210 ;;;;
CM210 Two Way Cake Pixy Perfect Fit Renewal All Parts Pinning WIP OK;;; AS ;;37.96;;CM210 ;;;;
PT208 -01 Rose Gold Matte Clear Insert Base Injection WIP OK;8;30; PP ;;3.94;15.4;PT208 ;;;;
CM205 TWC Black Platform Injection WIP ok;4;25; AS ; 900 ;6;3.43;CM205 ;;;;
CM221 Pressed Powder Pixy Perfect Fit Full Assy Pinning WIP OK;;; AS ;;25.37;;CM221 ;;;;
PT211 50 gr Wardah Crystallure Activating Overnight Cream Base Printing 1 Grey WIP OK;;; PP ;;63.5;;PT211 ;;;;
PT206 30 Gr Wardah C-Defense Insert Base Injection Orange WIP OK;8;35; PP ; 294 ;7.31;34.36;PT206 ;;;;
CM221 TWC Pixy 4BB Perfect Last Sub Assy Pinning Pink WIP OK;;; AS ;;25.37;;CM221 ;;;;
CM221 Pressed Powder Pixy Perfect Fit Cover Injection White WIP ok;8;35; AS ; 630 ;12.05;38.48;CM221 ;;;;
PT206 30 Gr Wardah Hyaluron Inner Lid Injection Finished Good OK;8;30; PP ; 1,760 ;2.40;14.94;PT206 ;;;;
PT206 30 Gr Wardah Hyaluron Insert Plug Injection WIP OK;8;25; PP ; 3,000 ;1.84;5.39;PT206 ;;;;
PT206 30 Gr Wardah C-Defense Insert Plug Injection Orange WIP OK;8;25; PP ; 3,000 ;1.84;5.39;PT206 ;;;;
PT208 50 gr Emina 2 in 1 Scrub Mask Base Flamming White WIP OK;4;45; PP ; - ;33.19;26.49;PT208 ;;;;
CM198 Two Way Cake Dolby Cover Stamping 3 List Gold WIP ok;4;35; - ; 450 ;20.44;13.07;CM198 ;;;;
CM220 P/P Icos Matt-Euphoria Full Assy Assembling Finished Good OK;4;35; - ; 432 ;29.47;7.24;CM220 ;;;;
LP-001 EMINA SEBUM FIGHTER - BASE;4;35; 448 ; 384 ;14.92;18.5;LP-001;;;;
CM210 Two Way Cake Pixy Perfect Fit Renewal Cover Stamping 1 Silver WIP OK;4;35; AS ; 450 ;15.26;10.17;CM210 ;;;;
CM220 P/P Icos Matt-Euphoria Sub Assy Pinning WIP OK;4;35; - ; 432 ;29.47;7.24;CM220 ;;;;
PT211 50 gr Crystallure RRC Base Stamping 1 Gold WIP OK;4;105; AS ; 100 ;63.5;-;PT211 ;;;;
PT206 30 Gr Wardah Hyaluron Insert Base Injection WIP OK;8;35; PP ; 294 ;7.31;34.36;PT206 ;;;;
PT206 30 Gr Wardah C-Defense Base Injection WIP OK;4;105; AS ; 100 ;63.50;-;PT206 ;;;;
CM220 P/P Icos Matt-Euphoria Cover Injection WIP OK;4;35; AS ; 432 ;13.13;7.24;CM220 ;;;;
CM220 P/P Icos Matt-Euphoria Base Injection WIP OK;4;36; AS ; 300 ;16.34;19.25;CM220 ;;;;
SC002 6 Gr Milk Makeup Dark Grey Body Printing 1 White WIP OK;16;32; AS ; 1,350 ;6.59;7.24;SC002 ;;;;
CM221 Pressed Powder Pixy Perfect Fit Cover Stamping 1 Logo Silver WIP OK;8;35; AS ; 630 ;12.05;38.48;CM221 ;;;;
PT206 30 Gr Wardah C-Defense Inner Lid Injection Orange Finished Good OK;8;30; PP ; 1,760 ;2.40;14.94;PT206 ;;;;
PT211 50 gr Wardah Crystallure Activating Overnight Cream Base Assembling Finished Good OK;;; PP ;;63.5;;PT211 ;;;;
PT207 -02 QL Whitening Night Cream Blue Base Printing 1 White WIP OK;4;35; PP ; - ;22.07;12.78;PT207 ;;;;
PT001 15 gr Kelly Pearl Cream Base Stamping 1 Logo White WIP OK;8;28; PS ; 637 ;7.6;35.66;PT001 ;;;;
PT207 -02 QL Whitening Blue Base Injection WIP OK;4;35; PP ; - ;22.065;12.78;PT207 ;;;;
PT-002 POT KELLY KECIL - COVER;8;28; 2,600 ; 1,100 ;5.16;13.34;PT-002;;;;
PT-204 WARDAH LUMINOUS - GREEN - CVR ST LG;8;28; 792 ; 672 ;7.41;9.16;PT-204;;;;
PT211 50 gr Crystallure SAH Base Printing 1 WIP OK;4;105; PP ; 100 ;63.5;-;PT211 ;;;;
LS205 4 gr The Grail Vivid Matte Base Sub Assy Assembling Finished Good OK;4;37;;;3.87;7.18;LS205 ;;;;
CM210 Two Way Cake Pixy Perfect Creamy Sub Assy Pinning WIP OK;;;;;37.96;;CM210 ;;;;
CM221 Pressed Powder Pixy Perfect Last All Parts Pinning WIP OK;;; AS ;;37.42;;CM221 ;;;;
CM210 Two Way Cake Pixy Perfect Creamy Cover Printing 1 Pink Pearl WIP OK;4;35; - ; 450 ;15.26;10.17;CM210 ;;;;
CM221 Pressed Powder Pixy Perfect Last Cover Printing 1 Black WIP OK;8;35; AS ; 630 ;12.05;38.48;CM221 ;;;;
PT204 White Full Assy Assembling Gold List On Cover Finished Good ok;8;30; PP ; 672 ;5.6;18.55;PT204 ;;;;
PT207 12.5 gr Jankos Pink Full Assy Assembling Matte Clear Finished Good OK;4;105; PP ; 100 ;55.94;-;PT207 ;;;;
PT211 50 gr Crystallure SAH Base Stamping 1 Gold WIP OK;4;105; PP ; 100 ;63.5;-;PT211 ;;;;
PT-211 CRYSTALLURE - ADVANCED - BSE AS PR;4;105; PP ; 100 ;63.5;-;PT-211;;;;
LP001 Kahf Blue Base Injection Finished Good ok;4;35; AS ; 384 ;14.92;18.5;LP001 ;;;;
PT212 30 Gr Wardah Blanc Lightening Night Cream Base Assembling Xiang In Finished Good OK;8;36; PP ; 294 ;25.08;19.53;PT212 ;;;;
PT208 -01 Pigeon Teens Pink Cover Assembling Finished Good OK;4;38; PP ; - ;9.92;23;PT208 ;;;;
CM221 TWC Pixy 4BB Perfect Last Cover Printing 1 Dark Grey WIP OK;8;35; AS ; 630 ;12.05;38.48;CM221 ;;;;
CM221 Pressed Powder Pixy Perfect Last Full Assy Pinning WIP OK;;; AS ;;25.37;;CM221 ;;;;
PT001 15 gr Kelly Pearl Cream Base Sonic Finished Good OK;;; PS ;;18.4;;PT001 ;;;;
PT201 30 gr Pharos Base Sub Assy Assembling Finished Good OK;4;23; - ; 420 ;9.31;10.04;PT201 ;;;;
PT201 30 gr Pharos Cover Sub Assy Assembling Finished Good OK;4;38; PP ; 468 ;11.29;19.98;PT201 ;;;;
PT-204 DKE WHITE LIST SILVER - COVER;8;28; 792 ; 672 ;7.41;9.16;PT-204;;;;
PT206 30 Gr Wardah Hyaluron Base Injection WIP OK;4;105; AS ; 100 ;63.50;-;PT206 ;;;;
PT206 Inner Lid Beige 01 Injection HDPE Finished Good OK;8;30; PP ; 1,760 ;2.40;14.94;PT206 ;;;;
PT206 30 Gr Wardah C-Defense Base Sub Assy Assembling Finished Good OK;4;105; AS ; 100 ;75.05;-;PT206 ;;;;
PT207 12.5 gr Stock Item Black Full Assy Assembling Matte Clear Finished Good OK;8;25; PP ; - ;55.94;24.15;PT207 ;;;;
PT-211 CRYSTALLURE 50 GR BASE - ADVANCED;4;105; PP ; 100 ;63.5;-;PT-211;;;;
PT-211 CRYSTALLURE 50 GR BASE AS - ADVANCED;4;105; - ; 100 ;63.5;-;PT-211;;;;
PT212 30 Gr Wardah Blanc Lightening Night Cream Base Transfer Film Xiang In WIP OK;8;36; PP ; 294 ;11.44;19.53;PT212 ;;;;
PT212 30 Gr Wardah Blanc Lightening Night Cream Cover Assembling Finished Good OK;8;45; PP ; 630 ;8.75;38.13;PT212 ;;;;
SC-002 BODY ASSY MILK MAKEUP WHITE;16;32; - ; 1,350 ;6.59;;SC-002;;;;
PT206 30 Gr Adore Renew You NMR Base Assembling Finished Good OK;4;105; AS ; 100 ;63.5;-;PT206 ;;;;
PT001 15 gr Kelly Pearl Cream Cover Injection Red WIP OK;8;28; PS ; 925 ;6.22;13.76;PT001 ;;;;
PT207 -02 QL Whitening Blue Cover Injection WIP OK;4;35; PP ; 833 ;7.25;22.97;PT207 ;;;;
PT206 30 Gr Wardah Cica Complex Base Sub Assy Assembling Finished Good OK;4;105; AS ; 100 ;75.05;-;PT206 ;;;;
PT001 15 gr Kelly Pearl Cream Base Injection Red WIP OK;8;28; PS ; 637 ;7.6;35.66;PT001 ;;;;
PT208 -B Pigeon Teens Pink Cover Injection WIP ok;4;45; PP ; - ;33.19;26.49;PT208 ;;;;
 PT204 10 gr White List Silver Cover Stamping 1 WIP OK ;8;28; PP ; 672 ;7.41;9.16;PT204 ;;;;
PT001 15 gr Kelly Pearl Cream Insert Base Injection Red WIP OK;6;25; PS ; 900 ;4.58;10.93;PT001 ;;;;
PT-001 POT KELLY BESAR - INNER #2;6;25; 1,800 ; 900 ;4.71;23.27;PT-001;;;;
PT-001 POT KELLY BESAR - INNER #3;6;25; 1,800 ; 900 ;4.71;23.27;PT-001;;;;
PT-001 POT KELLY BESAR - INNER #4;8;25; 1,800 ; 900 ;4.71;23.27;PT-001;;;;
LP001 Kahf Blue Cover Injection WIP ok;4;35; AS ; 817 ;7.84;29.75;LP001 ;;;;
PT002 5 gr Kelly Pearl Cream Cover Injection Red WIP OK;8;28; PS ; 1,100 ;5.16;13.34;PT002 ;;;;
PT-002 POT KELLY KECIL - CVR #2;8;28; 2,600 ; 1,100 ;5.16;13.34;PT-002;;;;
LP001 Kahf Multipurpose Moisturizing Balm Blue Cover Printing 1 Finished Good ok;4;35; AS ; 817 ;7.84;29.75;LP001 ;;;;
PT-002 POT KELLY KECIL - CVR #3;8;28; 2,600 ; 1,100 ;5.16;13.34;PT-002;;;;
PT002 5 gr Kelly Pearl Cream Base Injection Finished Good OK;8;28; PS ; 200 ;6.81;25.64;PT002 ;;;;
LP002 Extica Smooth Velvet Matte Gold Cover Injection WIP OK;4;38; AS ; - ;10.14;29.7;LP002 ;;;;
PT208 50 gr Natural Inner Lid Injection WIP OK;4;30; PP ; - ;1.79;6.22;PT208 ;;;;
PT201 30 gr Pharos Base Injection White WIP OK;4;23; PP ; 420 ;9.31;10.04;PT201 ;;;;
PT201 30 gr Pharos Insert Base Injection White WIP OK;4;26; PP ; 630 ;12.89;10.04;PT201 ;;;;
PT201 30 gr Pharos Cover Injection White WIP OK;4;38; PP ; 468 ;11.29;19.98;PT201 ;;;;
CM210 Two Way Cake Pixy Perfect Creamy Full Assy Assembling Finished Good OK;;;;;37.96;;CM210 ;;;;
PT206 30 Gr Wardah Cica Complex Inner Lid Injection Finished Good OK;8;30; PP ; 1,760 ;2.4;14.94;PT206 ;;;;
PT208 50 gr Natural Base Injection WIP ok;4;45; PP ; - ;33.19;26.49;PT208 ;;;;
SC002 6 Gr Milk Makeup Dark Grey Body Assy With Printed Inner Cap Assembling Finished Good OK;4;105; - ; 100 ;10.68;-;SC002 ;;;;
PT207 -02 SR12 Ceramide Blue Base Flamming WIP OK;4;45; PP ; 294 ;25.46;16.49;PT207 ;;;;
PT211 50 gr Crystallure RRC Base Printing 1 Grey WIP OK;4;105; - ; 100 ;63.5;-;PT211 ;;;;
LP-002 ACNEDERM FACE POWDER - COVER;4;38; AS ; 450 ;10.14;29.7;LP-002;;;;
PT204 10 gr White Base Injection WIP OK;8;30; PP ; 672 ;5.6;18.55;PT204 ;;;;
PT206 30 Gr Adore Renew You Day Cream Base Sub Assy Assembling Finished Good OK;4;105; AS ; 100 ;75.05;-;PT206 ;;;;
PT207 18 gr QL Night Cream Full Assy Assembling White/Blue Finished Good OK;4;45; PP ; 294 ;25.46;16.49;PT207 ;;;;
PT-211 CRYSTALLURE 50 GR BASE AS - REVITALIZING;4;105; PP ; 100 ;63.5;-;PT-211;;;;
PT-204 DKE NATURAL LDPE - INNER LID;8;22; 250 ; 800 ;0.92;10.78;PT-204;;;;
CM210 Two Way Cake Pixy Perfect Fit Renewal Full Assy Assembling Finished Good OK;;; AS ;;37.96;;CM210 ;;;;
 PT208 My Baby Pink Cover Injection WIP ok ;4;38; PP ; - ;9.92;23;PT208 ;;;;
PT204 10 gr White Cover Injection WIP OK;8;30; PP ; 672 ;7.41;9.16;PT204 ;;;;
PT204 10 gr White Insert Base Injection WIP OK;6;28; PP ; 640 ;5.71;20.06;PT204 ;;;;
PT211 50 gr Wardah Crystallure Advanced Hydra Gel Base Sub Assy Assembling Finished Good OK;;; PP ;;63.5;;PT211 ;;;;
PT204 10 gr Stock Item White Cover Injection WIP OK;8;30; PP ; 672 ;7.41;9.16;PT204 ;;;;
PT204 10 gr Stock Item White Base Injection WIP OK;8;30; PP ; 672 ;5.6;18.55;PT204 ;;;;
PT204 10 gr Stock Item White Insert Base Injection WIP OK;6;28; PP ; 640 ;5.71;20.06;PT204 ;;;;
PT204 10 gr Natural Inner Lid Injection WIP OK;8;22; PP ; 800 ;0.92;10.78;PT204 ;;;;
PT204 10 gr Stock Item White List Silver Cover Stamping 1 WIP OK;8;30; PP ; 672 ;7.41;9.16;PT204 ;;;;
PT001 15 gr Kelly Pearl Cream Cover Stamping 1 Finished Good OK;;; PS ; 925 ;6.22;13.76;PT001 ;;;;
CM221 TWC Pixy 4BB Perfect Last Base Injection Pink WIP OK;8;36; AS ; 315 ;13.32;62;CM221 ;;;;
LP002 Pixy 4BB Pink, Cover Printing 1 1S/S Dark Grey Finished Good OK;4;38; AS ; - ;10.14;29.7;LP002 ;;;;
CM221 TWC Pixy 4BB Perfect Last Cover Injection Pink WIP OK;8;35; AS ; 630 ;12.05;38.48;CM221 ;;;;
CM-221 TWC PIXY PERFECT FIT - WHITE - CVR;8;35; AS ; 630 ;12.05;38.48;CM-221;;;;
CM221 Pressed Powder Pixy Perfect Last Cover Injection Pink WIP OK;8;35; AS ; 630 ;12.05;38.48;CM221 ;;;;
CM224 TWC Pixy Air Stay Purple Base Injection WIP OK;4;36; AS ; 315 ;11.03;38.26;CM224 ;;;;
CM224 TWC Pixy Air Stay Base Injection Purple WIP OK;4;36; AS ; 315 ;11.03;38.26;CM224 ;;;;
CM224 TWC Pixy Air Stay Cover Injection Purple WIP OK;4;35; AS ; 630 ;10.69;11.46;CM224 ;;;;
CM224 TWC Pixy Air Stay Purple Cover Injection WIP OK;4;35; AS ; 630 ;10.69;11.46;CM224 ;;;;
CM224 TWC Pixy Air Stay Purple Sub Assy Pinning WIP OK;;;;;21.72;;CM224 ;;;;
CM224 TWC Pixy Air Stay Purple Cover Printing 1 White WIP OK;4;35; AS ; 630 ;10.69;11.46;CM224 ;;;;
CM224 TWC Pixy Air Stay Purple Full Assy Assembling Finished Good OK;;;;;21.72;;CM224 ;;;;
CM224 TWC Pixy Air Stay Full Assy Assembling Finished Good OK;;;;;21.72;;CM224 ;;;;
CM221 Pressed Powder Pixy Perfect Fit Full Assy Assembling Finished Good OK;8;38; AS ; - ;25.37;32.95;CM221 ;;;;
CM221 TWC Pixy 4BB Perfect Last Full Assy Assembling Pink Finished Good OK;8;38; AS ; - ;25.37;32.95;CM221 ;;;;
CM221 Pressed Powder Pixy Perfect Last Base Injection Black WIP OK;8;36; AS ; 315 ;13.32;62;CM221 ;;;;
PT002 5 gr Kelly Pearl Cream Cover Stamping 1 Finished Good OK;8;28; PS ; 200 ;6.81;25.64;PT002 ;;;;
PT212 30 Gr Wardah Blanc Lightening Night Cream Base Injection White WIP OK;8;36; PP ; 294 ;11.44;19.53;PT212 ;;;;
PT212 30 Gr Wardah Blanc Lightening Night Cream Insert Base Injection White WIP OK;8;45; PP ; 294 ;13.64;21.86;PT212 ;;;;
PT212 30 Gr Wardah Blanc Lightening Night Cream Inner Lid Injection White Finished Good OK;8;19; PP ; 2,800 ;1.25;12.69;PT212 ;;;;
PT212 30 Gr Wardah Blanc Lightening Night Cream Cover Injection Blue WIP OK;8;45; PP ; 630 ;8.75;38.13;PT212 ;;;;
PT-212 30 GR WARDAH POT BLANC BASE NC -  XIANG TF;8;36; - ; 294 ;11.44;19.53;PT-212;;;;
PT204 10 gr White List Silver Cover Sub Assy Assembling Finished Good OK;8;28; PP ; 672 ;7.41;9.16;PT204 ;;;;
PT-204 WARDAH LUMINOUS - GREEN - BSE;8;28; 792 ; 672 ;5.6;18.55;PT-204;;;;
CM196 Two Way Cake White List Gold Sub Assy Pinning WIP OK;;;;;40.03;;CM196 ;;;;
PT211 50 gr Crystallure SAH Base Assembling Finished Good OK;;; PP ;;63.5;;PT211 ;;;;
PT207 Mommy Soft Cute Orange Cover Assembling Finished Good OK;4;35; PP ; 833 ;7.25;22.97;PT207 ;;;;
ST002 60 mm Natural Sifter Injection WIP OK;4;25; PP ; 2,520 ;2.38;4.66;ST002 ;;;;
CM210 Two Way Cake Pixy Cover Stamping 1 Logo Silver WIP OK;4;35; AS ; 450 ;15.26;10.17;CM210 ;;;;
PT206 30 Gr Adore Renew You DMR  Base Printing 1 Grey WIP OK;4;105; - ; 100 ;63.5;-;PT206 ;;;;
PT206 30 Gr Adore Renew You Night Cream Base Printing 1 White WIP OK;;; AS ;;63.5;;PT206 ;;;;
PT204 10 gr Stock Item White Base Sub Assy Assembling Finished Good OK;;; PP ;;8.09;;PT204 ;;;;
PT204 10 gr Stock Item White List Silver Cover Sub Assy Assembling Finished Good OK;8;30; PP ; 672 ;7.41;9.16;PT204 ;;;;
PT208 50 gr SR12 Clay Mask Mugwort Full Assy Assembling Finished Good OK;;; PP ;;44.81;;PT208 ;;;;
PT-211 CRYSTALLURE - CLEAR - BSE (PS);4;105; PP ; 100 ;63.5;-;PT-211;;;;
 CM196 Two Way Cake White List Gold Full Assy Assembling Finished Good OK ;;;;;40.03;;CM196 ;;;;
PT204 White Full Assy Assembling Silver List On Cover Finished Good ok;;;;;27.71;;PT204 ;;;;
 SC002 6 Gr Milk Makeup Inner Cap Printing 1 White WIP OK ;16;30; AS ; - ;0.47;9.86;SC002 ;;;;
 PT207 -01 SR12 Acne Cream Red Full Assy Assembling Finished Good ok ;4;45; PP ; 294 ;55.94;16.49;PT207 ;;;;
PT206 30 gr Wardah White Secret Insert Base Injection White WIP OK;8;35; PP ; 294 ;7.31;34.36;PT206 ;;;;
PT206 30 gr Wardah White Secret Insert Plug Injection White WIP OK;8;25; PP ; 3,000 ;1.84;5.39;PT206 ;;;;
PT206 30 gr Wardah White Secret Inner Lid Injection White WIP OK;8;30; PP ; 1,760 ;2.4;14.94;PT206 ;;;;
PT-206 GRACE - WHITE - INNER CVR;8;30; - ; 468 ;7.65;7.82;PT-206;;;;
CM221 Pressed Powder Pixy Perfect Last Full Assy Assembling Finished Good OK;8;38; AS ; - ;37.42;32.95;CM221 ;;;;
LP002 30 gr Clear Base Injection WIP OK;4;38; AS ; - ;19.19;21.59;LP002 ;;;;
PT208 -01 Aboveboard Base Injection Blue WIP OK;4;45; PP ; - ;33.19;26.49;PT208 ;;;;
PT208 -01 Aboveboard Inner Lid Injection Blue WIP OK;4;30; PP ; - ;1.79;6.22;PT208 ;;;;
PT208 -01 Aboveboard Cover Injection Blue WIP OK;4;38; PP ; - ;9.92;23;PT208 ;;;;
PT208 -01 Aboveboard Barier Repair Cream Base Assembling Blue Finished Good OK;4;45; PP ; - ;33.19;26.49;PT208 ;;;;
PT208 -01 Aboveboard Cover Assembling Blue Finished Good OK;4;38; PP ; - ;9.92;23;PT208 ;;;;
PT208 -01 Aboveboard Base Flamming Blue WIP OK;4;45; PP ; - ;33.19;26.49;PT208 ;;;;
PT208 -01 Aboveboard Barier Repair Cream Base Printing 1 Dark Blue WIP OK;4;45; PP ; - ;33.19;26.49;PT208 ;;;;
PT208 -01 Aboveboard Insert Base Injection Blue WIP OK;8;30; PP ;;3.94;15.4;PT208 ;;;;
PT208 -01 Pigeon Teens Blue Insert Base Injection WIP ok;8;30; PP ;;3.94;15.4;PT208 ;;;;
PT208 My Baby Blue Cover Injection WIP OK;4;38; PP ; - ;9.92;23;PT208 ;;;;
PT-208 EMINA SCRUB - WHITE - BSE PR SCRUB;4;45; - ; - ;33.19;26.49;PT-208;;;;
SC002 6 Gr Milk Makeup Grey Body Printing 1 White WIP OK;16;32; AS ; 1,350 ;6.59;;SC002 ;;;;
CM196 Two Way Cake White List Silver Full Assy Assembling Finished Good OK;;;;;40.03;;CM196 ;;;;
PT208 -01 Pigeon Teens Pink Cover Injection WIP ok;4;38; PP ; - ;9.92;23;PT208 ;;;;
PT208 50 gr SR12 Clay Mask Mugwort Base Flamming WIP OK;4;45; PP ; - ;33.19;26.49;PT208 ;;;;
PT208 My Baby Blue Cover Assembling Finished Good OK;4;38; PP ; - ;9.92;23;PT208 ;;;;
SC002 6 Gr Milk Makeup Grey Body Sub Assy Assembling Finished Good OK;16;32; AS ; 1,350 ;10.68;;SC002 ;;;;
PT207 12.5 gr White Insert Base Injection WIP ok;8;25; PP ; - ;2.51;24.15;PT207 ;;;;
PT207 -02 QL Whitening Night Cream Blue Full Assy Assembling Finished Good OK;4;45; PP ; 294 ;25.46;16.49;PT207 ;;;;
PT207 18 gr White Full Assy Assembling Finished Good OK;8;25; PP ; - ;35.22;24.15;PT207 ;;;;
PT208 -01 KKI Labig Haute Cover Printing 1 Red WIP OK;4;38; AS ; - ;9.92;21.59;PT208 ;;;;
LP002 30 gr Mineral Botanica Cover Injection WIP OK;4;38; AS ; - ;10.14;29.7;LP002 ;;;;
PT207 12.5 gr Jankos Green Full Assy Assembling Matte Clear Finished Good OK;;; PP ;;55.94;;PT207 ;;;;
PT-211 CRYSTALLURE 50 GR BASE AS - ACTIVATING;;; PP ;;63.5;;PT-211;;;;
MC-001 MEDICAL CONTAINER - YELLOW - COVER;12;30; - ; - ;4.68;31.54;MC-001;;;;
PT208 -01 KKI Labig Haute Base Assembling White Finished Good OK;;;;;33.19;;PT208 ;;;;
PT208 -01 KKI Labig Haute Cover Assembling White Finished Good OK;;;;;9.92;;PT208 ;;;;
PT208 My Baby Yellow Cover Assembling Finished Good OK;4;38; PP ; - ;9.92;23;PT208 ;;;;
PT208 30 gr White Insert Base Injection WIP OK;8;30; PP ;;3.94;15.4;PT208 ;;;;
PT208 White Cover Injection WIP OK;4;38; PP ; - ;9.92;23;PT208 ;;;;
PT207 30 gr White Base Injection WIP OK;4;45; PP ; 294 ;25.46;16.49;PT207 ;;;;
PT206 30 Gr Wardah Recombinant Base Injection Clear WIP OK;4;105; AS ; 100 ;63.5;-;PT206 ;;;;
PT206 30 Gr Wardah Recombinant Inner Lid Injection Finished Good OK;8;30; PP ; 1,760 ;2.4;14.94;PT206 ;;;;
PT206 30 Gr Wardah Recombinant Base Sub Assy Assembling Finished Good ok;;; AS ;;75.05;;PT206 ;;;;
PT206 30 Gr Wardah Recombinant Insert Base Injection WIP OK;8;35; PP ; 294 ;7.31;34.36;PT206 ;;;;
PT206 30 Gr Wardah Recombinant Insert Plug Injection WIP OK;8;25; PP ; 3,000 ;1.84;5.39;PT206 ;;;;
PT206 30 Gr Wardah Cica Complex Base Injection WIP OK;4;105; AS ; 100 ;63.5;-;PT206 ;;;;
PT206 30 Gr Wardah Cica Complex Insert Base Injection WIP OK;8;35; PP ; 294 ;7.31;34.36;PT206 ;;;;
PT206 30 Gr Wardah Cica Complex Insert Plug Injection WIP OK;8;25; PP ; 3,000 ;1.84;5.39;PT206 ;;;;
PT-206 GRACE - PURPLE TRANS - BSE #4;4;105; PP ; 100 ;63.5;-;PT-206;;;;
PT206 30 Gr Adore Renew You Night Cream Base Sub Assy Assembling Finished Good OK;;; AS ;;75.05;;PT206 ;;;;
PT-206 GRACE - PURPLE - INSERT PLUG;8;25; PP ; 3,000 ;1.84;5.39;PT-206;;;;
LP002 Bless Base Injection Brown WIP OK;4;38; AS ; - ;19.19;21.59;LP002 ;;;;
LP002 Pixy 4BB Pink, Cover Injection WIP OK;4;38; AS ; - ;10.14;29.7;LP002 ;;;;
LP002 30 gr Mineral Botanica Cover Printing 1 Rose Gold Finished Good OK;4;38; AS ; - ;10.14;29.7;LP002 ;;;;
PT207 30 gr Stock Item White Cover Injection WIP OK;4;35; PP ; 833 ;7.25;22.97;PT207 ;;;;
PT207 -01 SR12 Acne Cream Red Base Injection WIP OK;4;45; pp ; 294 ;25.46;16.49;PT207 ;;;;
PT207 -01 SR12 Acne Cream Red Insert Base Injection WIP OK;8;25; PP ; - ;2.51;24.15;PT207 ;;;;
ST001 50 mm Natural Sifter Assembling Finished Good OK;4;25; PP ; 2,520 ;2.38;4.66;ST001 ;;;;
PT207 -01 Oh My Skin Purple Cover Injection WIP OK;4;35; PP ; 833 ;7.25;22.97;PT207 ;;;;
PT207 -01 Oh My Skin Purple Full Assy Assembling Finished Good OK;4;35; PP ; 833 ;55.94;22.97;PT207 ;;;;
PT207 -01 Oh My Skin Full Assy Assembling Pink Finished Good OK;4;35; PP ; 833 ;55.94;22.97;PT207 ;;;;
PT207 18 gr QL Day Cream Full Assy Assembling Blue/White Finished Good OK;4;35; PP ; 833 ;55.94;22.97;PT 207;;;;
PT207 12.5 gr Jar Beby Purple Full Assy Assembling Finished Good OK;;; PP ;;27.97;;PT207 ;;;;
PT207 30 gr Stock Item White Base Injection WIP OK;4;45; PP ; 294 ;25.46;16.49;PT207 ;;;;
PT207 12.5 gr Nose Purple Cover Injection WIP OK;4;35; PP ; 294 ;7.25;22.97;PT207 ;;;;
PT207 White Cover Assembling Finished Good OK;4;35; PP ; 294 ;7.25;22.97;PT207 ;;;;
PT207 18 gr QL Day Cream Base Flamming White WIP OK;4;45; PP ; 294 ;25.46;16.49;PT207 ;;;;
PT207 30 gr White Cover Injection WIP OK;4;35; PP ; 833 ;7.25;22.97;PT207 ;;;;
PT207 30 gr Stock Item Black Base Injection WIP OK;4;45; PP ; 294 ;25.46;16.49;PT207 ;;;;
PT207 -02 SR12 Ceramide Blue Insert Base Injection WIP OK;8;25; PP ; - ;2.51;24.15;PT207 ;;;;
PT207 18 gr White Insert Base Injection WIP OK;8;25; PP ; 1,620 ;2.51;24.15;PT207 ;;;;
PT207 -02 SR12 Ceramide Blue Inner Lid Injection WIP OK;4;25; PP ; - ;1.79;6.22;PT207 ;;;;
PT207 30 gr Stock Item Natural Inner Lid Injection WIP OK;4;25; PP ; - ;1.79;6.22;PT207 ;;;;
PT207 -02 SR12 Ceramide Blue Full Assy Assembling Finished Good OK;4;35; PP ; 833 ;25.46;22.97;PT207 ;;;;
PT207 18 gr QL Day Cream Base Printing 1 Blue WIP OK;4;45; PP ; 294 ;25.46;16.49;PT207 ;;;;
PT-207 WARDAH WATERCLAY - SPATULA;16;25; PP ; 2,777 ;0.34;3.62;PT-207;;;;
PT207 30 gr Natural Inner Lid Injection WIP OK;4;25; PP ; - ;1.79;6.22;PT207 ;;;;
PT207 18 gr QL Night Cream Base Printing 1 White WIP OK;4;45; PP ; 294 ;25.46;16.49;PT207 ;;;;
SP001 36.5 mm Stock Item Natural Spatula Injection WIP OK;16;20; PP ; 2,777 ;0.34;3.62;SP001 ;;;;
PT207 -01 SR12 Acne Cream Red Cover Injection WIP OK;4;35; pp ; 833 ;7.25;22.97;PT-207;;;;
PT207 -02 QL Whitening Blue Insert Base Injection WIP OK;8;25; PP ; 1,620 ;2.51;24.15;PT-207;;;;
LP002 Nuface Nu Flawless Purple Cover Printing 1 White Finished Good ok;4;38; AS ; 450 ;10.14;29.7;LP002 ;;;;
PT207 12.5 gr Stock Item Black Cover Injection WIP OK;4;35; PP ; 833 ;7.25;22.97;PT207 ;;;;
 PT207 12.5 gr Stock Item White All Parts Assembling Finished Good OK ;;; PP ;;55.94;;PT207 ;;;;
PT207 -01 SR12 Acne Cream Red Base Flamming WIP OK;4;45; PP ; 294 ;25.46;16.49;PT207 ;;;;
PT207 12.5 gr Stock Item Black Insert Base Injection WIP OK;8;25; PP ; - ;2.51;24.15;PT207 ;;;;
SC002 6 Gr Milk Makeup White Body Assy With Printed Inner Cap Assembling Finished Good OK;4;38; 280 ; - ;10.68;21.59;SC002 ;;;;
SC002 6 Gr Milk Makeup Grey Body Injection WIP OK;16;32; AS ; 1,350 ;6.59;;SC002 ;;;;
SC002 6 Gr Milk Makeup White Body Injection WIP OK;16;32; AS ; 1,350 ;6.59;;SC002 ;;;;
CM221 P/P Pixy Perfect Last Pink/Black Sub Assy Pinning WIP OK;;; AS ;;25.37;;CM221 ;;;;
SC002 6 Gr Milk Makeup Cap Injection Clear WIP OK;16;30; AS ; 2,700 ;2.12;45.65;SC002 ;;;;
SC002 6 Gr Milk Makeup Inner Cap Injection Clear WIP OK;16;30; AS ; - ;0.47;9.86;SC002 ;;;;
SC002 6 Gr Milk Makeup Pole Injection Natural WIP OK;16;30; AS ; 3,400 ;0.84;11;SC002 ;;;;
SC002 6 Gr Milk Makeup Wiper Injection Natural WIP OK;16;30; AS ; 6,000 ;0.67;17.93;SC002 ;;;;
SC-002 BASE MILK MAKEUP WHITE;16;38; 4,500 ; - ;1.63;;SC-002;;;;
SC002 6 Gr Milk Makeup Grey Base Injection Finished Good OK;16;38; AS ; - ;1.63;;SC002 ;;;;
 CM221 Pressed Powder Pixy Perfect Last All Parts Assembling Finished Good OK ;8;; AS ;;37.42;;CM221 ;;;;
PT207 18 gr QL Day Cream Cover Injection Blue WIP OK;4;35; PP ; 833 ;7.25;22.97;PT207 ;;;;
PT207 18 gr QL Night Cream Base Injection Blue WIP OK;4;45; PP ; 294 ;25.46;16.49;PT207 ;;;;
PT207 18 gr QL Night Cream Insert Base Injection Blue WIP OK;8;25; PP ; 1,620 ;2.51;24.15;PT207 ;;;;
PT207 12.5 gr Jankos Pink Cover Injection WIP OK;4;35; PP ; 833 ;7.25;22.97;PT207 ;;;;
PT208 50 gr Emina 2 in 1 Scrub Mask Cover Sub Assy Assembling Finished Good OK;4;38; PP ; - ;9.92;23;PT208 ;;;;
PT208 -01 Rose Gold Matte Clear Base Injection WIP OK;4;45; PP ; - ;33.19;26.49;PT208 ;;;;
PT207 -01 SR12 Acne Cream Red Inner Lid Injection WIP OK;4;25; PP ; - ;1.79;6.22;PT207 ;;;;
PT001 15 gr Kelly Pearl Cream Base Sub Assy Sonic Finished Good OK;;; PS ;;18.4;;PT001 ;;;;
PT207 -01 SR12 Acne Cream Red Base Printing 1 White WIP ok;8;45; PP ; 294 ;25.46;16.49;PT207 ;;;;
CM220 P/P Icos Matt-Euphoria Cover Printing 1 White WIP OK;4;35; AS ; 432 ;13.13;7.24;CM220 ;;;;
PT207 Gentle Hour Light Peach Cover Sub Assy Assembling Finished Good OK;4;45; PP ; 294 ;55.94;16.49;PT207 ;;;;
;;;;;;;;;;;
PT207 -02 SR12 Ceramide Blue Base Printing 1 White WIP OK;4;45; PP ; 294 ;25.46;16.49;PT207 ;;;;
PT207 -02 SR12 Ceramide Blue Base Injection WIP OK;8;45; PP ; 294 ;25.46;16.49;PT207 ;;;;
PT212 30 Gr Wardah Blanc Lightening Night Cream Base Sub Assy Assembling Xiang In Finished Good OK;;; PP ;;25.08;;;;;;
PT208 -02 Base Injection Blue - Semi transparent WIP OK;4;45; PP ; - ;33.19;26.49;PT208 ;;;;
PT208 50 gr SR12 Clay Mask Mugwort Inner Lid Injection WIP OK;4;30; PP ; - ;1.79;6.22;PT208 ;;;;
PT208 50 gr Emina 2 in 1 Scrub Mask Cover Printing 1 White WIP OK;4;38; PP ; - ;9.92;23;PT208 ;;;;
PT208 50 gr SR12 Clay Mask Mugwort Cover Injection WIP OK;4;38; PP ; - ;9.92;23;PT208 ;;;;
PT208 50 gr SR12 Clay Mask Mugwort Base Injection WIP OK;4;45; PP ; - ;33.19;26.49;PT208 ;;;;
PT208 50 gr SR12 Clay Mask Mugwort Base Printing 1 White WIP OK;4;45; PP ; - ;33.19;26.49;PT-208;;;;
PT208 50 gr Stock Item Natural Inner Lid Injection WIP OK;4;; PP ; - ;1.7;;PT208 ;;;;
PT208 50 gr Emina 2 in 1 Scrub Mask Cover Flamming WIP OK;4;38; PP ; - ;9.92;23;PT208 ;;;;
PT207 -02 SR12 Ceramide Blue Cover Injection WIP OK;4;35; PP ; 833 ;7.25;22.97;PT207 ;;;;
PT208 50 gr White Base Injection WIP OK;4;45; PP ; - ;33.19;26.49;PT208 ;;;;
LP002 Fanbo Acne Rescue White Cover Printing 1 Grey WIP OK;4;38; AS ; - ;10.14;29.7;LP002 ;;;;
LP002 Fanbo Acne Rescue White Cover Printing 2 Dark Green WIP OK;4;38; AS ; - ;10.14;29.7;LP002 ;;;;
LP002 Fanbo Acne Rescue White Cover Printing 3 Green Finished Good OK;4;38; AS ; - ;10.14;29.7;LP002 ;;;;
LP002 White Cover Injection WIP ok;4;38; AS ; 450 ;10.14;29.7;LP002 ;;;;
PT208 50 gr Emina 2 in 1 Scrub Mask Base Printing 1 Pink WIP OK;4;45; PP ; - ;33.19;26.49;PT208 ;;;;
PT208 50 gr Emina 2 in 1 Scrub Mask Base Printing 1 Grey WIP OK;8;25; PP ; 672 ;33.19;26.49;PT208 ;;;;
PT208 -01 Pigeon Teens Cover Injection Pink WIP OK;4;38; PP ; - ;9.92;23;PT208 ;;;;
PT208 Blue Cover Injection WIP OK;4;38; PP ; - ;9.92;23;PT208 ;;;;
PT208 02 t1 Protein Cream Makarizo Cover Injection WIP OK;4;38; PP ; - ;9.92;23;PT208 ;;;;
PT208 02 t1 Protein Cream Makarizo Cover Printing 1 Silver WIP OK;4;38; PP ; - ;9.92;23;PT208 ;;;;
PT208 02 t1 Protein Cream Makarizo Cover Assembling holographic Finished Good OK;4;38; PP ; - ;9.92;23;PT208 ;;;;
PT208 50 gr t1 Protein Cream Makarizo Base Printing 1 Finished Good OK;4;45; PP ; - ;33.19;26.49;PT208 ;;;;
PT208 Cover t1 Protein Cream Makarizo Assembling Silver Finished Good OK;;;;;33.19;;PT208 ;;;;
PT208 50 gr t1 Protein Cream Makarizo Base Injection WIP OK;4;45; PP ; - ;33.19;26.49;PT208 ;;;;
PT208 02 My Baby Yellow Assembling Finished Good OK;4;38; PP ; - ;44.9;23;PT208 ;;;;
PT208 My Baby Purple Cover Assembling Finished Good OK;4;38; PP ; - ;9.92;23;PT208 ;;;;
PT208 02 My Baby Grey Cover Injection WIP OK;4;38; PP ; - ;9.92;23;PT208 ;;;;
PT208 02 My Baby Purple Assembling Finished Good OK;4;38; PP ; - ;44.9;23;PT208 ;;;;
PT208 02 My Baby Grey Assembling Finished Good OK;4;38; PP ; - ;44.9;23;PT208 ;;;;
PT208 02 My Baby Blue Assembling Finished Good OK;4;38; PP ; - ;44.9;23;PT208 ;;;;
PT208 My Baby Purple Cover Injection WIP OK;4;38; PP ; - ;9.92;23;PT208 ;;;;
PT208 My Baby Yellow Cover Injection WIP OK;4;38; PP ; - ;9.92;23;PT208 ;;;;
PT208 -01 Pigeon Teens Insert Base Injection Blue WIP OK;8;30; PP ;;3.94;15.4;PT208 ;;;;
PT208 -01 Pigeon Teens Blue Base Injection WIP ok;4;45; PP ; - ;33.19;26.49;PT208 ;;;;
LP002 30 gr Wardah Acnederm Face Powder Cover Printing 1 Green WIP OK;4;38; AS ; 450 ;10.14;29.7;LP002 ;;;;
CM196 Two Way Cake First Lady Cover Stamping 1 Logo Gold WIP OK;4;35; AS ; 450 ;20.44;13.07;CM196 ;;;;
PT207 -02 QL Whitening Day Cream Blue Base Printing 1 White WIP OK;8;45; PP ; 294 ;25.46;16.49;PT207 ;;;;
PT206 30 Gr Wardah Hyaluron A Base Sub Assy Assembling Pink Transparent With Matte Clear Spray;;; AS ;;75.25;;PT206 ;;;;
PT206 30 Gr Wardah Hyaluron A Base Sub Assy Assembling Pink Transparent With Matte Clear Spray, 1S/s Finished GoodOK;;; AS ;;75.25;;PT206 ;;;;
PT206 30 Gr Wardah Hyaluron Base Sub Assy Assembling Finished Good OK;;; AS ;;75.25;;PT206 ;;;;
PT206 30 Gr Adore Renew You DMR Base Printing 1 Grey WIP OK;4;105; - ; 100 ;63.5;-;PT206 ;;;;
PT206 30 Gr Adore Renew You DMR Base Assembling Finished Good OK;;; AS ;;75.25;;PT206 ;;;;
PT206 30 Gr Adore Renew You DMR  Base Assembling Finished Good OK;;; AS ;;75.25;;PT206 ;;;;
PT206 30 Gr Adore Renew You NMR Base Printing 1 White WIP OK;4;105; AS ; 100 ;63.5;-;PT206 ;;;;
PT206 30 Gr Adore Renew You NMR Base Assembling Finished Good OK;;; AS ;;75.25;;PT206 ;;;;
PT211 50 gr Crystallure RRC Base Assembling Finished Good OK;;; AS ;;75.25;;PT211 ;;;;
PT206 30 Gr Adore Renew You Night Cream Inner Lid Injection Purple WIP OK;8;30; PP ; 1,760 ;2.4;14.94;PT206 ;;;;
ST001 50 mm Stock Item Natural Sifter Injection WIP OK;4;25; PP ; 2,520 ;2.38;4.66;ST001 ;;;;
CM221 P/P Pixy Perfect Last Pink/Black Full Assy Assembling Finished Good OK;8;38; AS ; - ;25.37;32.95;CM221 ;;;;
ST001 50 mm Natural Sifter Injection WIP OK;4;25; PP ; 2,520 ;2.38;4.66;ST001 ;;;;
LS205 4 gr The Grail Vivid Matte Cover Injection WIP OK;4;32;;;2.39;6.76;LS205 ;;;;
CM196 TWC LD1ONER Cover Printing 1 Gold WIP OK;4;35; AS ; 450 ;20.44;13.07;CM196 ;;;;
CM196 Two Way Cake First Lady Cover Stamping 2 List Gold WIP OK;4;35; AS ; 450 ;20.44;13.07;CM196 ;;;;
LS205 4 gr The Grail Vivid Matte Base Injection WIP OK;4;37;;;3.87;7.18;LS205 ;;;;
PT206 30 Gr Adore Renew You Night Cream Insert Base Injection Purple WIP OK;8;35; PP ; 294 ;7.31;34.36;PT206 ;;;;
CM196 Two Way Cake First Lady Base Sub Assy Sonic WIP OK;8;20; AS ; 3,448 ;40.03;2.73;CM196 ;;;;
CM196 Two Way Cake First Lady Base Sub Assy Sonic WIP OK;8;20; AS ; 3,448 ;40.03;2.73;CM196 ;;;;
CM196 TWC Black Base Sonic WIP OK;8;20; AS ; 3,448 ;40.03;2.73;CM196 ;;;;
CM196 Two Way Cake First Lady Sub Assy Pinning WIP OK;8;31; AS ; 2,400 ;46.2;23.09;CM196 ;;;;
PT206 30 Gr Adore Renew You Night Cream Insert Plug Injection Purple WIP OK;8;25; PP ; 3,000 ;1.84;5.39;PT206 ;;;;
CM196 TWC LD1ONER Sub Assy Pinning WIP OK;8;31; AS ; 2,400 ;46.2;23.09;CM196 ;;;;
CM196 TWC LD1ONER Full Assy Assembling Finished Good OK;8;31; AS ; 2,400 ;46.56;23.09;CM196 ;;;;
CM196 Two Way Cake First Lady Full Assy Assembling Finished Good OK;8;31; AS ; 2,400 ;46.56;23.09;CM196 ;;;;
PT206 30 Gr Adore Renew You Base Injection Purple Transparent WIP OK;4;105; AS ; 100 ;63.5;-;PT206 ;;;;
LS205 4 gr Natural Inner Spiral Injection WIP OK;8;30;;;1.24;11.05;LS205 ;;;;
LP002 30 gr Wardah Acnederm Face Powder Cover Printing 2 Finished Good OK;4;38; AS ; 450 ;10.14;29.7;LP002 ;;;;
LP002 30 gr Wardah Acnederm Face Powder Cover Injection White WIP OK;4;38; AS ; 450 ;10.14;29.7;LP002 ;;;;
LP002 Purbasari Cover Injection WIP OK;4;38; AS ; 450 ;10.14;29.7;LP002 ;;;;
LP002 Purbasari Cover Stamping 1 Holograpic WIP OK;4;38; AS ; 450 ;10.14;29.7;LP002 ;;;;
LP002 Purbasari Cover Printing 1 White WIP OK;4;38; AS ; 450 ;10.14;29.7;LP002 ;;;;
LP-002 ACNEDERM FACE POWDER - BASE;4;38; AS ; - ;19.19;21.59;LP-002;;;;
PT208 50 gr Natural Cover Injection WIP ok;4;38; PP ; - ;9.92;23;PT208 ;;;;
PT208 -01 Beauty Nazzua Base Injection Blue WIP OK;4;45; PP ; - ;33.19;26.49;PT208 ;;;;
PT208 -01 Beauty Nazzua Cover Stamping 1 Silver WIP OK;4;38; PP ; - ;9.92;23;PT208 ;;;;
PT208 -01 Beauty Nazzua Base Assembling Blue Finished Good OK;4;45; PP ; - ;33.19;26.49;PT208 ;;;;
PT208 -01 Beauty Nazzua Cover Assembling Blue Finished Good OK;4;38; PP ; - ;9.92;23;PT208 ;;;;
PT208 -01 Beauty Nazzua Cover Injection Blue WIP OK;4;38; PP ; - ;9.92;23;PT208 ;;;;
PT208 -01 Beauty Nazzua Insert Base Injection Blue WIP OK;8;30; PP ;;3.94;15.4;PT208 ;;;;
PT208 02 t1 Protein Cream Makarizo Cover Stamping 1 Holographic WIP OK;4;38; PP ; - ;9.92;23;PT208 ;;;;
PT208 Blue Cover Assembling Finished Good OK;4;38; PP ; - ;9.92;23;PT208 ;;;;
PT208 50 gr Emina 2 in 1 Scrub Mask Base Printing 2 Finished Good OK;4;45; PP ; - ;33.19;26.49;PT208 ;;;;
LP002 30 gr Stock Item Black Cover Injection WIP OK;4;38; AS ; - ;10.14;29.7;LP002 ;;;;
LP002 Nuface Nu Flawless Purple Cover Injection WIP OK;4;38; AS ; - ;10.14;29.7;LP002 ;;;;
SP001 36.5 mm Natural Spatula Injection WIP OK;4;28; PP ; 1,080 ;3.46;5.05;SP001 ;;;;
LP002 Purbasari Black Cover Stamping 1 Gold WIP OK;4;38; - ; - ;10.14;29.7;LP002 ;;;;
LP002 30 gr Stock Item Clear Base Injection WIP OK;4;38; AS ; - ;19.19;21.59;LP002 ;;;;
LP-002 WARDAH CRYSTALLURE - BSE;4;38; 280 ; - ;19.19;21.59;LP-002;;;;
LP-002 WARDAH CRYSTALLURE - NATURAL - SHIFTER;4;28; 1,440 ; 1,080 ;3.46;5.05;LP-002;;;;
LS205 4 gr The Grail Vivid Matte Base Printing 1 White WIP OK;4;37;;;3.87;7.18;LS205 ;;;;
CM196 Two Way Cake White List Gold Cover Stamping 1 WIP OK;4;35; AS ; 450 ;20.44;13.07;CM196 ;;;;
CM198 Two Way Cake Dolby Full Assy Assembling Finished Good OK;;; AS ;;40.03;;CM198 ;;;;
CM221 P/P Pixy Perfect Last Cover Printing 1 Black WIP OK;8;35; AS ; 630 ;12.05;38.48;CM221 ;;;;
SC002 6 Gr Milk Makeup Dark Grey Body Injection WIP OK;16;32; AS ; 1,350 ;6.59;;SC002 ;;;;
PT208 02 My Baby Pink Assembling Finished Good OK;4;38; PP ; - ;9.92;23;PT208 ;;;;
PT208 -B Pigeon Teens Pink Cover Assembling Finished Good OK;4;38; PP ; - ;9.92;23;PT208 ;;;;
PT207 12.5 gr Stock Item White Full Assy Assembling Finished Good OK;4;45; PP ; 294 ;55.94;16.49;PT207 ;;;;
PT208 50 gr Emina 2 in 1 Scrub Mask Cover Injection Peach WIP OK;4;38; PP ; - ;9.92;23;PT208 ;;;;
LS205 4 gr The Grail Vivid Matte Outer Spiral Injection WIP OK;8;30;;;1.53;9.03;LS205 ;;;;
PT-210 EMINA LIP MASK MINIOS - BSE;4;35; - ; 729 ;7.88;18.68;PT-210;;;;
PT208 -01 Pigeon Teens Full Assy Assembling Pink/Blue Finished Good OK;4;35; PP ; 450 ;44.81;13.07;PT208 ;;;;
ST002 Natural 01 Sifter Injection WIP OK;4;25; PP ; 2,520 ;2.38;4.66;ST002 ;;;;
ST002 Natural 01 Sifter Assembling Finished Good OK;4;25; PP ; 2,520 ;2.38;4.66;ST002 ;;;;
ST002 60 mm Natural Sifter Assembling Finished Good OK;4;25; PP ; 2,520 ;2.38;4.66;ST002 ;;;;
PT207 -02 QL Whitening Blue Base Flamming WIP OK;8;45; PP ; 294 ;25.46;16.49;PT207 ;;;;
PT208 30 gr White Full Assy Assembling Finished Good OK;4;35; PP ; 450 ;44.81;13.07;PT208 ;;;;
LP001 15 gr Wardah BB Shine Free Cover Injection WIP OK;4;35; AS ; 817 ;7.84;29.75;LP001 ;;;;
LP001 15 gr Wardah BB Shine Free Base Injection Finished Good OK;4;35; AS ; 384 ;14.92;18.5;LP001 ;;;;
LP001 15 gr Wardah BB Shine Free Cover Stamping 1 Silver Finished Good OK;4;35; AS ; 817 ;7.84;29.75;LP001 ;;;;
LP001 15 gr Wardah BB Shine Free Cover Printing 1 Black WIP OK;4;35; AS ; 817 ;7.84;29.75;LP001 ;;;;
LP001 15 gr Wardah Acnederm Pore Blackhead Cover Injection White WIP OK;4;35; AS ; 817 ;7.84;29.75;LP001 ;;;;
LP001 15 gr Wardah Acnederm Pore Blackhead Base Injection White Finished Good OK;4;35; AS ; 384 ;14.92;18.5;LP001 ;;;;
CM210 Two Way Cake Pixy Perfect Fit Renewal Sub Assy Pinning WIP OK;;; AS ;;37.96;;CM210 ;;;;
PT208 50 gr Natural Cover Assembling Finished Good OK;4;38; PP ; - ;9.92;23;PT208 ;;;;
CH001 Konica Holder Injection WIP OK;4;26; PS ; - ;19.5;15.2;CH001 ;;;;
LP001 15 gr Wardah Acnederm Pore Blackhead Cover Printing 1 Green WIP OK;4;35; AS ; 817 ;7.84;29.75;LP001 ;;;;
LP001 15 gr Wardah Acnederm Pore Blackhead Cover Printing 2 Finished Good OK;4;35; PP ; 817 ;7.84;29.75;LP001 ;;;;
PT208 -01 Rose Gold Matte Clear Full Assy Assembling Finished Good OK;4;45; PP ; - ;33.19;26.49;PT208 ;;;;
PT208 -01 Rose Gold Matte Clear Cover Injection WIP OK;4;38; PP ; - ;9.92;23;PT208 ;;;;
